t (ms),signal
11667,-0.108515
11673,-0.131772
11679,-0.155249
11686,-0.178725
11691,-0.202202
11697,-0.225679
11704,-0.225435
11710,-0.152921
11716,-0.080407
11721,-0.007893
11728,0.064621
11734,0.137135
11740,0.164841
11746,0.192213
11752,0.219585
11759,0.246957
11764,0.274329
11770,0.272421
11776,0.314212
11782,0.356003
11788,0.397795
11795,0.439586
11800,0.481377
11807,0.504337
11813,0.527791
11818,0.551246
11825,0.574701
11831,0.598155
11837,0.59569
11844,0.622957
11849,0.650225
11855,0.677492
11861,0.704759
11867,0.732027
11874,0.680371
11880,0.628263
11886,0.576155
11891,0.524047
11898,0.471939
11904,0.399506
11909,0.327073
11916,0.254641
11922,0.182208
11927,0.109775
11934,0.109063
11940,0.08931
11946,0.069557
11952,0.049805
11958,0.030052
11964,0.010299
11970,-0.002487
11976,-0.016663
11982,-0.030839
11988,-0.045015
11994,-0.059191
12001,-0.060967
12007,-0.067755
12013,-0.074544
12018,-0.081333
12025,-0.088121
12031,-0.09491
12037,-0.158271
12043,-0.221719
12049,-0.285167
12054,-0.348615
12061,-0.412063
12067,-0.413831
12073,-0.415591
12079,-0.417351
12085,-0.419111
12092,-0.420871
12097,-0.422631
12105,-0.395559
12109,-0.368995
12116,-0.342431
12122,-0.315867
12128,-0.289303
12134,-0.308461
12140,-0.327497
12146,-0.346532
12152,-0.365567
12158,-0.384603
12164,-0.386958
12170,-0.370315
12176,-0.352037
12182,-0.333759
12189,-0.315481
12194,-0.297203
12201,-0.315198
12207,-0.333649
12213,-0.352101
12219,-0.370552
12225,-0.389003
12231,-0.390215
12237,-0.361339
12243,-0.332463
12249,-0.303587
12255,-0.274711
12261,-0.245835
12268,-0.237531
12273,-0.229073
12279,-0.220615
12285,-0.212157
12291,-0.203699
12298,-0.205561
12304,-0.176797
12310,-0.148034
12316,-0.119271
12322,-0.090507
12328,-0.061744
12335,-0.029835
12340,0.002555
12346,0.034945
12352,0.067335
12358,0.099725
12365,0.097675
12371,0.071879
12376,0.046083
12383,0.020287
12388,-0.005509
12396,-0.031305
12402,-0.025823
12406,-0.020936
12413,-0.016049
12419,-0.011163
12425,-0.006276
12430,-0.008709
12437,0.013939
12444,0.036588
12449,0.059237
12455,0.081885
12461,0.104534
12468,0.101073
12473,0.098271
12480,0.095469
12486,0.092667
12491,0.089865
12498,0.078224
12504,0.068374
12510,0.058524
12515,0.048674
12521,0.038824
12529,0.038614
12534,0.075023
12540,0.111441
12546,0.147859
12552,0.184277
12558,0.220695
12565,0.203943
12571,0.187191
12576,0.170439
12582,0.153687
12589,0.136935
12595,0.136383
12601,0.161397
12607,0.186411
12613,0.211425
12619,0.236439
12625,0.261453
12631,0.269685
12637,0.278765
12643,0.287845
12649,0.296925
12655,0.306005
12662,0.306565
12667,0.341335
12673,0.376104
12680,0.410873
12686,0.445643
12691,0.480412
12698,0.545955
12703,0.612197
12709,0.678438
12716,0.744679
12722,0.810921
12729,0.810802
12734,0.811409
12740,0.812017
12746,0.812624
12752,0.813231
12758,0.813839
12765,0.702739
12771,0.591855
12776,0.48097
12782,0.370085
12789,0.259201
12795,0.241423
12801,0.22202
12807,0.202617
12813,0.183213
12819,0.16381
12825,0.165247
12831,0.099895
12837,0.033905
12843,-0.032086
12849,-0.098077
12855,-0.164067
12862,-0.207607
12868,-0.251746
12874,-0.295885
12879,-0.340023
12886,-0.384162
12892,-0.382061
12899,-0.408579
12903,-0.435097
12910,-0.461615
12916,-0.488133
12922,-0.514651
12928,-0.495235
12934,-0.475693
12940,-0.456151
12946,-0.436609
12952,-0.417067
12959,-0.415925
12965,-0.395134
12971,-0.374343
12977,-0.353551
12983,-0.33276
12988,-0.311969
12995,-0.288397
13001,-0.264875
13007,-0.241353
13013,-0.217831
13020,-0.194309
13026,-0.191699
13031,-0.189228
13037,-0.186757
13043,-0.184285
13050,-0.181814
13055,-0.181263
13062,-0.168597
13068,-0.155576
13073,-0.142555
13079,-0.129535
13086,-0.116514
13093,-0.074081
13097,-0.031382
13104,0.011317
13110,0.054015
13116,0.096714
13122,0.096973
13129,0.087044
13135,0.076318
13140,0.065592
13147,0.054866
13152,0.04414
13159,0.005542
13165,-0.032517
13170,-0.070577
13177,-0.108636
13183,-0.146695
13189,-0.145875
13195,-0.138025
13201,-0.130175
13207,-0.122325
13213,-0.114475
13219,-0.106625
13226,-0.091314
13231,-0.076003
13237,-0.060693
13245,-0.045382
13249,-0.030071
13255,-0.030321
13262,-0.023439
13267,-0.016558
13274,-0.009677
13280,-0.002795
13286,0.004086
13293,0.029691
13298,0.055353
13304,0.081014
13310,0.106675
13316,0.132337
13322,0.131838
13329,0.149093
13335,0.166347
13340,0.183602
13347,0.200857
13353,0.218111
13358,0.241521
13364,0.265387
13371,0.289253
13377,0.313119
13382,0.336985
13389,0.336531
13395,0.334397
13400,0.332263
13406,0.330129
13413,0.327995
13420,0.325861
13425,0.312447
13431,0.299034
13438,0.285621
13444,0.272207
13449,0.258794
13456,0.261155
13462,0.263123
13467,0.265091
13474,0.267059
13480,0.269027
13485,0.267075
13492,0.337731
13498,0.408386
13504,0.479041
13510,0.549697
13517,0.620352
13523,0.629079
13529,0.639032
13534,0.648985
13540,0.658939
13547,0.668892
13552,0.666325
13559,0.633803
13565,0.60128
13571,0.568757
13576,0.536235
13583,0.503712
13590,0.491569
13595,0.480164
13601,0.468759
13607,0.457355
13612,0.44595
13619,0.483537
13625,0.521557
13631,0.559576
13637,0.597595
13644,0.635615
13650,0.634754
13655,0.606399
13661,0.578537
13668,0.550675
13674,0.522813
13679,0.494951
13686,0.511923
13692,0.528059
13698,0.544194
13704,0.560329
13710,0.576465
13716,0.57544
13723,0.515125
13729,0.454809
13735,0.394494
13740,0.334179
13746,0.273863
13753,0.268577
13758,0.262971
13764,0.257365
13771,0.251759
13776,0.246153
13783,0.244667
13789,0.243053
13795,0.241439
13801,0.239825
13807,0.238211
13813,0.236597
13819,0.18963
13825,0.142595
13831,0.095561
13837,0.048526
13844,0.001491
13849,0.000497
13856,-0.012775
13861,-0.026047
13868,-0.039319
13874,-0.052591
13880,-0.065863
13886,-0.042561
13892,-0.019259
13898,0.004043
13904,0.027345
13910,0.050647
13917,0.028525
13923,0.006893
13928,-0.01474
13934,-0.036373
13940,-0.058005
13946,-0.059438
13953,-0.05163
13959,-0.043822
13965,-0.036014
13971,-0.028206
13976,-0.020398
13984,0.00605
13989,0.03282
13995,0.05959
14001,0.08636
14007,0.11313
14013,0.1111
14020,0.081682
14025,0.052264
14031,0.022846
14037,-0.006572
14043,-0.03599
14050,-0.037848
14055,-0.039194
14061,-0.04054
14068,-0.041886
14074,-0.043232
14080,-0.044578
14086,-0.047404
14092,-0.05023
14098,-0.053056
14104,-0.055882
14110,-0.058708
14117,-0.033265
14122,-0.007309
14129,0.018646
14135,0.044601
14141,0.070557
14146,0.069472
14153,0.068371
14159,0.067271
14165,0.06617
14171,0.065069
14177,0.063969
14183,0.10288
14189,0.14139
14195,0.1799
14201,0.21841
14207,0.25692
14213,0.245477
14219,0.234157
14225,0.222836
14232,0.211515
14237,0.200195
14243,0.198914
14250,0.187092
14256,0.175695
14262,0.164297
14268,0.1529
14274,0.141503
14280,0.174219
14286,0.206925
14292,0.239631
14298,0.272337
14304,0.305043
14310,0.303789
14317,0.289945
14322,0.276101
14328,0.262257
14335,0.248413
14341,0.234569
14347,0.219087
14353,0.204226
14359,0.189365
14364,0.174503
14371,0.159642
14377,0.159301
14383,0.204237
14389,0.249174
14395,0.294111
14402,0.339047
14407,0.383984
14414,0.393339
14420,0.403113
14426,0.412887
14431,0.422661
14438,0.432435
14444,0.431289
14450,0.419625
14456,0.407962
14462,0.396299
14468,0.384635
14473,0.372972
14480,0.391776
14486,0.411155
14493,0.430533
14498,0.449912
14504,0.469291
14510,0.468709
14517,0.486698
14522,0.504687
14529,0.522675
14534,0.540664
14540,0.558653
14547,0.589876
14553,0.621099
14558,0.652323
14565,0.683546
14571,0.714769
14577,0.659996
14583,0.603329
14589,0.546663
14595,0.489996
14601,0.433329
14607,0.432063
14614,0.372747
14619,0.313431
14625,0.254115
14632,0.194799
14637,0.135483
14644,0.125957
14649,0.1153
14656,0.104643
14662,0.093985
14668,0.083328
14674,0.081711
14681,0.047895
14686,0.01408
14691,-0.019735
14699,-0.053551
14704,-0.087366
14710,-0.089221
14717,-0.091541
14723,-0.09386
14729,-0.096179
14734,-0.098499
14740,-0.100818
14748,-0.138899
14753,-0.176981
14759,-0.215062
14765,-0.253143
14771,-0.291225
14777,-0.282793
14783,-0.274033
14790,-0.265274
14795,-0.256515
14801,-0.247755
14808,-0.281446
14813,-0.314757
14819,-0.348067
14826,-0.381378
14831,-0.414689
14837,-0.414999
14844,-0.382513
14850,-0.350027
14855,-0.317541
14862,-0.285055
14868,-0.252569
14875,-0.261191
14880,-0.269608
14886,-0.278025
14892,-0.286441
14898,-0.294858
14904,-0.295355
14910,-0.278349
14916,-0.261343
14923,-0.244337
14929,-0.227331
14935,-0.210325
14941,-0.178775
14947,-0.147397
14953,-0.11602
14959,-0.084643
14965,-0.053265
14971,-0.054048
14978,-0.033137
14984,-0.012227
14989,0.008684
14995,0.029595
15001,0.050505
15008,0.055894
15012,0.061413
15020,0.066933
15026,0.072452
15032,0.077971
15038,0.076171
15044,0.083165
15050,0.090159
15056,0.097153
15062,0.104147
15068,0.111141
15074,0.127351
15080,0.143679
15086,0.160006
15093,0.176333
15098,0.192661
15104,0.190788
15111,0.216177
15116,0.241565
15122,0.266954
15129,0.292343
15135,0.317731
15141,0.313873
15147,0.310311
15153,0.306749
15158,0.303187
15165,0.299625
15172,0.319185
15178,0.339151
15183,0.359116
15189,0.379081
15194,0.399047
15201,0.397532
15208,0.442391
15214,0.487251
15220,0.53211
15225,0.576969
15232,0.621829
15238,0.563871
15244,0.505715
15250,0.447559
15256,0.389403
15262,0.331247
15268,0.329691
15274,0.361516
15279,0.393341
15287,0.425165
15293,0.45699
15298,0.488815
15305,0.398299
15311,0.30902
15316,0.219741
15323,0.130463
15329,0.041184
15334,0.041865
15341,0.064192
15347,0.086519
15353,0.108845
15359,0.131172
15364,0.153499
15371,0.154025
15378,0.154036
15383,0.154047
15389,0.154057
15396,0.154068
15402,0.138385
15407,0.122522
15414,0.106659
15419,0.090797
15425,0.074934
15432,0.075031
15438,0.048951
15443,0.022871
15450,-0.003209
15456,-0.029289
15461,-0.055369
15468,0.021941
15474,0.098785
15481,0.175629
15486,0.252473
15492,0.329317
15499,0.328761
15504,0.284635
15510,0.240508
15516,0.196381
15523,0.152255
15529,0.108128
15535,0.040555
15541,-0.028003
15546,-0.096561
15552,-0.165119
15559,-0.233677
15565,-0.233035
15571,-0.257596
15577,-0.282157
15584,-0.306717
15589,-0.331278
15595,-0.355839
15602,-0.390003
15608,-0.424167
15613,-0.45833
15619,-0.492493
15626,-0.526657
15631,-0.52506
15638,-0.603723
15644,-0.682387
15650,-0.76105
15656,-0.839713
15662,-0.918377
15669,-0.920133
15674,-0.922081
15680,-0.924028
15686,-0.925975
15692,-0.927923
15697,-0.92587
15704,-0.948014
15711,-0.970158
15717,-0.992302
15723,-1.014446
15729,-1.03659
15735,-0.989663
15740,-0.942735
15747,-0.895808
15753,-0.848881
15759,-0.801953
15765,-0.816981
15772,-0.831847
15777,-0.846713
15783,-0.861579
15789,-0.876445
15796,-0.874191
15802,-0.824453
15808,-0.774716
15814,-0.724979
15819,-0.675241
15826,-0.625504
15832,-0.64343
15838,-0.661815
15844,-0.680201
15850,-0.698586
15857,-0.716971
15862,-0.715157
15868,-0.715073
15874,-0.714989
15881,-0.714905
15886,-0.714821
15892,-0.714737
15899,-0.697789
15904,-0.680869
15910,-0.663949
15917,-0.647029
15923,-0.630109
15928,-0.628549
15935,-0.637315
15940,-0.646082
15946,-0.654849
15953,-0.663615
15959,-0.672382
15966,-0.659372
15971,-0.646372
15977,-0.633372
15984,-0.620372
15989,-0.607372
15995,-0.605372
16002,-0.575249
16008,-0.545127
16013,-0.515004
16019,-0.484881
16026,-0.454759
16032,-0.452723
16038,-0.450688
16044,-0.448653
16050,-0.446617
16056,-0.444582
16062,-0.437001
16068,-0.429598
16074,-0.422195
16080,-0.414793
16086,-0.40739
16093,-0.405627
16099,-0.379345
16104,-0.353062
16111,-0.326779
16117,-0.300497
16123,-0.274214
16129,-0.275831
16136,-0.277659
16141,-0.279487
16147,-0.281315
16153,-0.283143
16159,-0.281371
16165,-0.28346
16171,-0.285549
16178,-0.287637
16183,-0.289726
16189,-0.291815
16196,-0.281688
16202,-0.270789
16207,-0.259891
16214,-0.248992
16220,-0.238093
16226,-0.235875
16232,-0.185605
16238,-0.135336
16244,-0.085067
16250,-0.034797
16256,0.015472
16263,0.043493
16268,0.071334
16274,0.099175
16280,0.127015
16287,0.154856
16292,0.175877
16298,0.19723
16304,0.218583
16311,0.239937
16317,0.26129
16323,0.262243
16329,0.286443
16336,0.310938
16341,0.335433
16347,0.359929
16353,0.384424
16360,0.373401
16365,0.362903
16371,0.352405
16378,0.341907
16383,0.331409
16390,0.332991
16396,0.349894
16402,0.366797
16407,0.383701
16414,0.400604
16420,0.417507
16426,0.407979
16432,0.397472
16438,0.386965
16444,0.376459
16450,0.365952
16456,0.365525
16463,0.348467
16469,0.331409
16474,0.314351
16481,0.297293
16487,0.280235
16493,0.272425
16499,0.264081
16505,0.255738
16511,0.247395
16517,0.239051
16523,0.238348
16530,0.245157
16535,0.251967
16541,0.258776
16547,0.265585
16554,0.272395
16560,0.257483
16565,0.241959
16572,0.226436
16577,0.210913
16583,0.195389
16589,0.194186
16596,0.150905
16601,0.107625
16608,0.064344
16614,0.021063
16619,-0.022217
16626,-0.023167
16632,-0.024116
16639,-0.025065
16644,-0.026015
16651,-0.026964
16657,-0.064885
16662,-0.102251
16668,-0.139617
16675,-0.176983
16681,-0.214349
16686,-0.214035
16692,-0.213853
16699,-0.213671
16704,-0.213489
16711,-0.213307
16717,-0.213125
16724,-0.19544
16729,-0.17747
16735,-0.1595
16741,-0.14153
16747,-0.12356
16753,-0.12339
16760,-0.079142
16766,-0.034894
16771,0.009354
16777,0.053602
16783,0.09785
16790,0.098919
16796,0.100367
16802,0.101815
16807,0.103263
16814,0.104711
16820,-0.031565
16826,-0.16772
16832,-0.303875
16838,-0.440029
16845,-0.576184
16850,-0.573419
16857,-0.562197
16863,-0.55083
16869,-0.539463
16874,-0.528097
16881,-0.51673
16887,-0.520493
16892,-0.523952
16899,-0.527411
16905,-0.530871
16911,-0.53433
16917,-0.531149
16924,-0.531745
16930,-0.531885
16935,-0.532026
16941,-0.532167
16947,-0.532307
16954,-0.385474
16959,-0.238674
16966,-0.091874
16972,0.054926
16977,0.201726
16984,0.202966
16990,0.23135
16995,0.259734
17001,0.288118
17008,0.316502
17014,0.344886
17021,0.322273
17026,0.300445
17033,0.278618
17039,0.256791
17044,0.234963
17051,0.237296
17057,0.247811
17062,0.258325
17068,0.26884
17075,0.279355
17081,0.289869
17087,0.309197
17093,0.32909
17099,0.348983
17105,0.368875
17111,0.388768
17117,0.390261
17124,0.389153
17129,0.388045
17135,0.386937
17142,0.385829
17147,0.384721
17154,0.295289
17160,0.20622
17166,0.117151
17171,0.028083
17178,-0.060986
17184,-0.027392
17190,0.006202
17196,0.039796
17202,0.07339
17207,0.106984
17214,0.108338
17220,0.071784
17227,0.03523
17232,-0.001324
17238,-0.037878
17244,-0.074432
17251,-0.034041
17256,0.005895
17262,0.045831
17268,0.085767
17274,0.125703
17281,0.126319
17287,0.142306
17293,0.158293
17299,0.174281
17305,0.190268
17311,0.206255
17317,0.185935
17323,0.164872
17329,0.143809
17336,0.122745
17341,0.101682
17348,0.102979
17353,0.103122
17360,0.103265
17366,0.103409
17371,0.103552
17378,0.103695
17384,0.075086
17390,0.046051
17396,0.017015
17402,-0.01202
17407,-0.041055
17414,-0.064018
17420,-0.087577
17427,-0.111135
17432,-0.134694
17438,-0.158253
17444,-0.158251
17450,-0.186531
17456,-0.216157
17463,-0.245784
17469,-0.275411
17475,-0.305037
17481,-0.319789
17487,-0.334607
17493,-0.349425
17499,-0.364243
17505,-0.379061
17511,-0.379759
17519,-0.437883
17523,-0.496425
17530,-0.554967
17536,-0.613509
17541,-0.672051
17548,-0.706964
17554,-0.741125
17559,-0.775285
17565,-0.809446
17571,-0.843607
17578,-0.842407
17584,-0.808689
17590,-0.774971
17596,-0.741253
17602,-0.707535
17608,-0.673817
17614,-0.568911
17620,-0.463209
17626,-0.357506
17632,-0.251803
17638,-0.146101
17645,-0.146718
17651,-0.140395
17656,-0.134073
17663,-0.12775
17669,-0.121427
17675,-0.115105
17681,-0.131561
17687,-0.148047
17693,-0.164533
17699,-0.181019
17705,-0.197505
17710,-0.198351
17718,-0.285081
17723,-0.371811
17730,-0.458541
17735,-0.545271
17741,-0.632001
17748,-0.639509
17754,-0.6472
17760,-0.654891
17766,-0.662581
17772,-0.670272
17778,-0.658547
17784,-0.646639
17790,-0.634731
17796,-0.622823
17802,-0.610915
17808,-0.610087
17815,-0.586721
17820,-0.56289
17826,-0.539059
17832,-0.515227
17839,-0.491396
17845,-0.469677
17851,-0.447959
17856,-0.42624
17863,-0.404521
17869,-0.382803
17874,-0.382244
17881,-0.384895
17887,-0.387547
17893,-0.390198
17899,-0.392849
17905,-0.395501
17912,-0.401793
17917,-0.40768
17923,-0.413567
17930,-0.419453
17935,-0.42534
17940,-0.424107
17948,-0.421871
17954,-0.419636
17959,-0.417401
17966,-0.415165
17972,-0.41293
17978,-0.411775
17984,-0.410681
17990,-0.409587
17996,-0.408493
18002,-0.407399
18008,-0.294716
18014,-0.181889
18020,-0.069061
18027,0.043766
18032,0.156593
18039,0.155941
18045,0.154187
18050,0.153244
18057,0.152301
18063,0.151359
18069,0.150416
18075,0.065751
18081,-0.018465
18086,-0.102682
18093,-0.186899
18099,-0.271115
18105,-0.269052
18111,-0.227866
18117,-0.18668
18124,-0.145494
18130,-0.104308
18135,-0.063122
18142,-0.03813
18148,-0.012744
18154,0.012642
18160,0.038028
18166,0.063414
18171,0.06516
18178,0.109499
18184,0.153839
18190,0.198178
18196,0.242517
18202,0.286857
18209,0.264587
18214,0.242593
18220,0.220599
18226,0.198605
18233,0.176611
18238,0.178097
18245,0.163721
18251,0.149345
18259,0.134969
18262,0.120593
18269,0.106217
18275,0.068901
18281,0.031305
18287,-0.006291
18293,-0.043887
18300,-0.081483
18305,-0.079519
18312,-0.125473
18317,-0.171426
18324,-0.217379
18329,-0.263333
18336,-0.309286
18342,-0.344911
18347,-0.380408
18354,-0.415905
18360,-0.451403
18365,-0.4869
18372,-0.484933
18378,-0.483204
18383,-0.481475
18390,-0.479747
18396,-0.478018
18402,-0.474809
18409,-0.554319
18415,-0.634544
18419,-0.714769
18427,-0.794995
18433,-0.87522
18438,-0.836437
18444,-0.797655
18451,-0.758873
18457,-0.720091
18462,-0.681309
18469,-0.678007
18476,-0.601701
18481,-0.525395
18487,-0.449089
18493,-0.372783
18499,-0.296477
18505,-0.300793
18512,-0.30511
18518,-0.309427
18523,-0.313743
18529,-0.31806
18536,-0.316537
18542,-0.320695
18547,-0.324854
18554,-0.329013
18560,-0.333171
18565,-0.33733
18572,-0.308111
18578,-0.278155
18584,-0.248198
18590,-0.218241
18596,-0.188285
18603,-0.186088
18608,-0.180805
18614,-0.175521
18620,-0.170238
18627,-0.164955
18632,-0.159671
18639,-0.165527
18645,-0.171382
18650,-0.177237
18657,-0.183093
18663,-0.188948
18669,-0.189003
18675,-0.188915
18681,-0.188827
18688,-0.188739
18693,-0.188651
18699,-0.188563
18706,-0.180287
18712,-0.17201
18717,-0.163733
18723,-0.155457
18729,-0.14718
18736,-0.167561
18741,-0.188005
18748,-0.20845
18754,-0.228895
18760,-0.249339
18766,-0.249224
18772,-0.220565
18778,-0.191907
18784,-0.163248
18790,-0.134589
18796,-0.105931
18802,-0.050142
18808,0.006101
18814,0.062343
18821,0.118586
18826,0.174829
18832,0.176471
18839,0.0887
18845,0.000929
18851,-0.086843
18857,-0.174614
18863,-0.262385
18869,-0.235761
18875,-0.208983
18881,-0.182204
18887,-0.155425
18893,-0.128647
18900,-0.166229
18906,-0.203504
18911,-0.240779
18917,-0.278055
18924,-0.31533
18930,-0.311845
18936,-0.298803
18942,-0.285779
18948,-0.272755
18954,-0.259731
18960,-0.246707
18967,-0.164539
18973,-0.083888
18977,-0.003237
18984,0.077415
18991,0.158066
18997,0.158517
19003,0.196794
19008,0.235071
19015,0.273347
19020,0.311624
19026,0.349901
19033,0.329175
19039,0.307811
19044,0.286447
19051,0.265083
19057,0.243719
19063,0.243795
19069,0.259237
19075,0.274679
19081,0.290121
19087,0.305563
19094,0.321005
19102,0.342255
19105,0.363743
19111,0.385232
19118,0.406721
19123,0.428209
19129,0.428578
19136,0.444307
19142,0.460037
19148,0.475766
19154,0.491495
19160,0.507225
19166,0.518046
19172,0.528867
19178,0.539689
19185,0.55051
19190,0.561331
19196,0.560873
19203,0.483463
19209,0.406053
19214,0.328643
19220,0.251233
19227,0.173823
19233,0.173151
19239,0.172479
19245,0.171807
19250,0.171135
19257,0.170463
19262,0.170431
19269,0.089247
19275,0.008063
19281,-0.073121
19288,-0.154305
19293,-0.235489
19299,-0.245882
19306,-0.256275
19312,-0.266667
19317,-0.27706
19324,-0.287453
19330,-0.286645
19336,-0.286811
19341,-0.286977
19347,-0.287143
19354,-0.287309
19360,-0.287475
19366,-0.349355
19372,-0.411234
19378,-0.473113
19384,-0.534993
19390,-0.596872
19397,-0.588567
19402,-0.579707
19409,-0.570846
19415,-0.561985
19421,-0.553125
19426,-0.552424
19433,-0.557149
19439,-0.561875
19445,-0.5666
19451,-0.571325
19457,-0.576051
19464,-0.546827
19469,-0.517481
19476,-0.488134
19481,-0.458787
19488,-0.429441
19493,-0.439289
19499,-0.449397
19506,-0.459506
19512,-0.469615
19517,-0.479723
19523,-0.477512
19531,-0.466136
19536,-0.45622
19542,-0.446304
19548,-0.436388
19554,-0.426472
19560,-0.449083
19566,-0.471835
19572,-0.494588
19578,-0.517341
19584,-0.540093
19590,-0.539246
19597,-0.499903
19602,-0.460561
19608,-0.421218
19615,-0.381875
19621,-0.342533
19627,-0.294399
19633,-0.245884
19639,-0.197369
19644,-0.148853
19651,-0.100338
19657,-0.100383
19663,-0.091185
19669,-0.081988
19675,-0.072791
19682,-0.063593
19687,-0.054396
19694,-0.032999
19700,-0.011657
19706,0.009684
19712,0.031025
19718,0.052367
19724,0.052108
19730,0.027777
19736,0.003445
19742,-0.020886
19748,-0.045217
19754,-0.069549
19761,-0.056304
19767,-0.043041
19772,-0.029779
19778,-0.016516
19784,-0.003253
19791,0.041763
19796,0.08678
19803,0.131797
19809,0.176813
19814,0.22183
19821,0.220887
19827,0.263567
19833,0.306248
19838,0.348929
19845,0.391609
19851,0.43429
19858,0.420292
19863,0.406275
19870,0.392259
19875,0.378242
19881,0.364225
19886,0.364689
19894,0.387078
19899,0.409467
19905,0.431857
19912,0.454246
19918,0.476635
19924,0.480889
19931,0.485801
19936,0.490712
19942,0.495623
19948,0.500535
19954,0.499726
19961,0.519804
19966,0.539882
19972,0.55996
19978,0.580038
19984,0.600116
19991,0.599354
19997,0.599317
20002,0.599281
20009,0.599244
20015,0.599207
20021,0.599171
20027,0.584071
20033,0.568972
20040,0.553873
20044,0.538773
20051,0.523674
20058,0.538205
20063,0.552471
20069,0.566736
20075,0.581001
20082,0.595267
20088,0.578642
20093,0.561358
20099,0.544074
20106,0.52679
20111,0.509506
20118,0.508422
20124,0.488301
20129,0.467369
20136,0.446438
20142,0.425507
20148,0.404575
20154,0.388726
20160,0.372228
20166,0.35573
20172,0.339232
20178,0.322734
20185,0.320756
20191,0.291692
20196,0.262628
20203,0.233564
20209,0.2045
20214,0.175436
20221,0.142071
20227,0.107305
20233,0.072538
20238,0.037771
20244,0.003005
20251,0.000598
20258,-0.05416
20263,-0.108918
20269,-0.163676
20276,-0.218434
20281,-0.273192
20288,-0.173967
20294,-0.073495
20299,0.026978
20305,0.127451
20312,0.227923
20318,0.226556
20324,0.199879
20330,0.173201
20336,0.146524
20342,0.119847
20348,0.093169
20355,0.059603
20360,0.025936
20367,-0.007731
20372,-0.041399
20379,-0.075066
20384,-0.064011
20390,-0.052493
20397,-0.040975
20403,-0.029457
20408,-0.017939
20415,-0.018261
20422,-0.003007
20427,0.012299
20433,0.027605
20439,0.042911
20445,0.058217
20451,0.058745
20457,0.059177
20464,0.059608
20469,0.060039
20475,0.060471
20482,0.059822
20488,0.033607
20494,0.007391
20500,-0.018824
20505,-0.045039
20512,-0.071255
20519,-0.046808
20524,-0.022221
20529,0.002367
20536,0.026954
20542,0.051541
20548,0.051049
20555,0.048286
20561,0.045523
20566,0.042761
20572,0.039998
20579,0.037235
20585,0.084655
20590,0.132518
20596,0.180381
20602,0.228243
20609,0.276106
20615,0.274929
20621,0.28654
20628,0.298151
20633,0.309763
20639,0.321374
20646,0.332985
20651,0.332517
20657,0.330539
20664,0.328562
20670,0.326585
20675,0.324607
20681,0.297811
20688,0.271419
20693,0.245027
20700,0.218635
20706,0.192243
20711,0.191091
20718,0.166839
20724,0.142588
20731,0.118337
20736,0.094085
20742,0.069834
20749,0.072159
20755,0.074645
20760,0.077132
20766,0.079619
20773,0.082105
20778,0.080752
20785,0.113736
20791,0.14672
20797,0.179704
20803,0.212688
20809,0.245672
20816,0.278254
20821,0.311468
20827,0.344682
20833,0.377896
20840,0.41111
20845,0.410604
20851,0.425985
20858,0.441367
20863,0.456748
20868,0.472129
20876,0.487511
20882,0.52838
20888,0.569499
20894,0.610617
20900,0.651736
20906,0.692855
20912,0.691253
20918,0.675608
20924,0.659963
20930,0.644317
20936,0.628672
20942,0.613027
20949,0.608796
20954,0.604832
20960,0.600868
20967,0.596904
20972,0.59294
20979,0.605433
20985,0.618113
20991,0.630794
20996,0.643475
21003,0.656155
21009,0.655436
21015,0.665573
21021,0.674413
21028,0.683254
21033,0.692095
21038,0.700935
21046,0.63596
21051,0.570974
21057,0.505988
21064,0.441002
21070,0.376016
21075,0.37487
21082,0.385209
21088,0.394181
21093,0.403153
21100,0.412125
21106,0.421097
21112,0.369498
21118,0.317712
21124,0.265926
21131,0.21414
21136,0.162354
21142,0.160288
21149,0.146343
21154,0.132399
21160,0.118454
21166,0.104509
21173,0.090565
21179,0.043034
21185,-0.005533
21190,-0.054099
21197,-0.102666
21203,-0.151233
21209,-0.153359
21215,-0.130295
21221,-0.10723
21227,-0.084165
21233,-0.061101
21239,-0.038036
21246,-0.065153
21252,-0.092391
21258,-0.11963
21263,-0.146869
21269,-0.174107
21276,-0.176226
21283,-0.203735
21287,-0.231245
21294,-0.258754
21300,-0.286263
21306,-0.313773
21312,-0.315207
21318,-0.316642
21324,-0.318077
21330,-0.319511
21336,-0.320946
21343,-0.30826
21349,-0.295419
21354,-0.282577
21360,-0.269736
21367,-0.256895
21372,-0.258413
21379,-0.292618
21385,-0.326823
21390,-0.361027
21396,-0.395232
21403,-0.429437
21410,-0.418647
21415,-0.407209
21421,-0.39577
21427,-0.384331
21433,-0.372893
21439,-0.373814
21446,-0.357878
21452,-0.341942
21457,-0.326006
21463,-0.31007
21470,-0.294134
21476,-0.294439
21482,-0.294594
21488,-0.294749
21493,-0.294903
21500,-0.295058
21506,-0.252852
21512,-0.210286
21518,-0.16772
21524,-0.125154
21530,-0.082588
21536,-0.083182
21543,-0.08531
21549,-0.087844
21554,-0.090378
21561,-0.092912
21567,-0.095446
21573,-0.079821
21579,-0.063973
21585,-0.048124
21591,-0.032275
21597,-0.016427
21603,-0.017458
21610,-0.009581
21615,-0.001705
21621,0.006172
21627,0.014049
21634,0.021925
21639,0.018769
21646,0.016319
21652,0.01387
21658,0.011421
21664,0.008971
21670,0.009322
21676,0.018203
21681,0.027083
21688,0.035964
21694,0.044845
21700,0.053725
21706,0.041886
21712,0.030443
21719,0.018999
21724,0.007556
21730,-0.003887
21736,-0.003331
21743,-0.024076
21748,-0.044821
21755,-0.065567
21760,-0.086312
21766,-0.107057
21773,-0.040592
21779,0.026221
21784,0.093033
21791,0.159846
21797,0.226659
21804,0.226911
21809,0.220871
21815,0.21483
21821,0.208789
21828,0.202749
21833,0.196708
21840,0.189555
21845,0.182153
21851,0.174751
21860,0.167349
21864,0.159947
21871,0.165377
21877,0.171056
21883,0.176735
21888,0.182415
21894,0.188094
21900,0.188493
21907,0.174856
21913,0.161219
21918,0.147581
21924,0.133944
21931,0.120307
21936,0.047155
21942,-0.026319
21949,-0.099793
21954,-0.173267
21960,-0.246741
21967,-0.245455
21973,-0.244411
21979,-0.243367
21985,-0.242323
21991,-0.241279
21997,-0.240235
22003,-0.306097
22009,-0.372417
22015,-0.438738
22021,-0.505059
22028,-0.571379
22034,-0.519274
22039,-0.467708
22045,-0.416142
22052,-0.364576
22058,-0.31301
22064,-0.312684
22070,-0.319202
22076,-0.326617
22082,-0.334033
22088,-0.341448
22094,-0.348863
22101,-0.346015
22106,-0.341469
22112,-0.336923
22119,-0.332377
22124,-0.327831
22130,-0.326645
22137,-0.331044
22142,-0.335871
22148,-0.340697
22155,-0.345524
22160,-0.350351
22167,-0.337658
22173,-0.325517
22179,-0.313375
22185,-0.301234
22191,-0.289093
22196,-0.288991
22204,-0.325981
22209,-0.36297
22215,-0.399959
22221,-0.436949
22228,-0.473938
22233,-0.345685
22240,-0.217169
22245,-0.088652
22251,0.039865
22258,0.168381
22264,0.167418
22270,0.122262
22276,0.077106
22282,0.03195
22288,-0.013206
22294,-0.058362
22301,-0.016196
22307,0.025537
22312,0.067269
22318,0.109002
22324,0.150735
22331,0.149387
22337,0.1802
22343,0.211013
22349,0.241825
22354,0.272638
22360,0.303451
22367,0.274647
22374,0.24581
22379,0.216973
22385,0.188137
22392,0.1593
22396,0.158263
22403,0.215471
22409,0.272678
22415,0.329885
22421,0.387093
22428,0.4443
22434,0.411444
22439,0.378789
22445,0.346135
22452,0.31348
22458,0.280825
22464,0.26448
22472,0.248135
22476,0.231789
22482,0.215444
22488,0.199099
22494,0.198913
22501,0.217266
22506,0.235619
22512,0.253971
22519,0.272324
22525,0.290677
22531,0.311815
22537,0.332574
22543,0.353333
22548,0.374091
22555,0.39485
22561,0.393169
22567,0.413421
22573,0.433673
22579,0.453925
22585,0.474177
22592,0.494429
22597,0.507348
22603,0.520827
22609,0.534305
22616,0.547784
22621,0.561263
22627,0.559581
22633,0.558462
22639,0.557343
22645,0.556223
22652,0.555104
22658,0.553985
22664,0.586299
22670,0.618888
22676,0.651477
22682,0.684067
22688,0.716656
22695,0.734912
22701,0.75388
22706,0.772848
22712,0.791816
22719,0.810784
22725,0.809752
22731,0.806911
22737,0.803825
22743,0.80074
22748,0.797655
22755,0.794569
22761,0.807169
22767,0.819715
22773,0.83226
22779,0.844805
22786,0.857351
22792,0.855816
22798,0.844553
22803,0.833291
22809,0.822028
22815,0.810765
22822,0.799503
22828,0.750137
22833,0.700956
22840,0.651775
22846,0.602593
22852,0.553412
22858,0.553271
22864,0.55415
22870,0.555029
22876,0.555909
22882,0.556788
22888,0.557667
22895,0.55682
22900,0.556167
22906,0.555515
22913,0.554862
22918,0.554209
22924,0.553157
22931,0.482206
22937,0.411255
22942,0.340305
22949,0.269354
22955,0.198403
22961,0.165282
22967,0.131959
22973,0.098637
22979,0.065314
22986,0.031991
22991,0.031629
22998,0.082373
23003,0.133117
23009,0.183861
23016,0.234605
23022,0.285349
23029,0.255603
23033,0.226281
23040,0.19696
23046,0.167639
23052,0.138317
23058,0.156902
23064,0.175068
23069,0.193234
23076,0.2114
23082,0.229566
23088,0.227692
23095,0.181293
23100,0.134455
23107,0.087618
23113,0.040781
23118,-0.006057
23125,0.004461
23131,0.014979
23136,0.025497
23143,0.036015
23149,0.046533
23155,0.044771
23161,0.021851
23167,-0.001069
23173,-0.023989
23179,-0.046909
23185,-0.069829
23192,-0.106428
23197,-0.143575
23203,-0.180721
23209,-0.217868
23215,-0.255015
23222,-0.256121
23228,-0.224454
23234,-0.192787
23239,-0.161119
23246,-0.129452
23252,-0.097785
23258,-0.084645
23264,-0.071233
23269,-0.057821
23276,-0.044409
23283,-0.030997
23288,-0.032425
23294,-0.033851
23301,-0.035278
23306,-0.036705
23313,-0.038131
23319,-0.039558
23325,-0.002348
23331,0.034862
23337,0.072072
23342,0.109282
23349,0.146492
23355,0.138141
23361,0.129763
23367,0.121386
23373,0.113009
23379,0.104631
23385,0.103374
23391,0.146373
23397,0.189371
23404,0.23237
23410,0.275369
23415,0.318367
23422,0.286202
23428,0.254175
23434,0.222147
23440,0.19012
23446,0.158093
23453,0.157025
23458,0.166925
23464,0.176824
23470,0.186723
23477,0.196623
23482,0.206522
23489,0.227445
23494,0.248516
23500,0.269587
23507,0.290659
23513,0.31173
23519,0.310201
23526,0.323026
23531,0.335851
23537,0.348675
23542,0.3615
23549,0.374325
23556,0.401928
23562,0.429169
23567,0.456409
23573,0.48365
23580,0.510891
23585,0.526499
23591,0.543216
23597,0.559933
23604,0.576651
23609,0.593368
23616,0.591325
23622,0.578387
23628,0.565343
23633,0.552298
23640,0.539253
23646,0.526209
23652,0.513427
23658,0.500519
23664,0.48761
23670,0.474701
23676,0.461793
23682,0.459884
23689,0.482883
23695,0.505881
23700,0.52888
23707,0.551879
23713,0.574877
23719,0.557139
23725,0.539167
23733,0.521195
23737,0.503223
23743,0.485251
23748,0.483039
23756,0.448389
23761,0.41374
23766,0.379091
23773,0.344441
23779,0.309792
23786,0.285937
23791,0.262083
23798,0.238228
23803,0.214373
23809,0.190519
23816,0.187944
23822,0.177745
23828,0.167547
23834,0.157348
23840,0.147149
23845,0.136951
23852,0.117607
23858,0.098264
23865,0.078921
23870,0.059577
23876,0.040234
23883,0.037771
23888,0.020717
23894,0.003663
23900,-0.013391
23907,-0.030445
23912,-0.047499
23919,-0.088363
23925,-0.129227
23931,-0.170091
23937,-0.210955
23943,-0.251819
23950,-0.25364
23955,-0.255555
23961,-0.257471
23968,-0.259386
23973,-0.261301
23979,-0.263017
23985,-0.264531
23992,-0.266046
23997,-0.267561
24004,-0.269075
24010,-0.27059
24016,-0.288939
24022,-0.307921
24029,-0.326902
24034,-0.345883
24041,-0.364865
24046,-0.366726
24052,-0.391131
24058,-0.415535
24064,-0.43994
24070,-0.464345
24076,-0.488749
24082,-0.498772
24088,-0.509544
24095,-0.520316
24101,-0.531088
24107,-0.54186
24113,-0.541712
24119,-0.559765
24124,-0.577819
24131,-0.595872
24137,-0.613925
24143,-0.631979
24149,-0.622453
24155,-0.61239
24162,-0.602327
24167,-0.592263
24173,-0.5822
24180,-0.54561
24186,-0.509483
24192,-0.473357
24198,-0.43723
24203,-0.401103
24210,-0.400577
24216,-0.384867
24222,-0.368185
24228,-0.351502
24234,-0.334819
24240,-0.318137
24246,-0.294592
24252,-0.271584
24258,-0.248576
24265,-0.225568
24270,-0.20256
24276,-0.202232
24283,-0.163745
24288,-0.125257
24294,-0.08677
24301,-0.048283
24307,-0.009795
24313,-0.002482
24318,0.005153
24325,0.012787
24330,0.020422
24337,0.028057
24343,0.027651
24349,0.072106
24355,0.116561
24361,0.161015
24367,0.20547
24373,0.249925
24380,0.294215
24386,0.338877
24392,0.383538
24397,0.428199
24404,0.472861
24410,0.471682
24416,0.467885
24422,0.464087
24428,0.46029
24434,0.456493
24440,0.452695
24446,0.49418
24452,0.535665
24458,0.577149
24464,0.618634
24471,0.660119
24477,0.639014
24482,0.618476
24488,0.597938
24495,0.5774
24501,0.556862
24507,0.556164
24513,0.600403
24520,0.644643
24525,0.688882
24531,0.733121
24537,0.777361
24543,0.785759
24549,0.794126
24555,0.802493
24562,0.810861
24567,0.819228
24573,0.817915
24580,0.798823
24586,0.77973
24591,0.760637
24598,0.741545
24603,0.722452
24610,0.608439
24616,0.494257
24622,0.380075
24629,0.265893
24634,0.151711
24640,0.152689
24646,0.152849
24652,0.15301
24658,0.153171
24664,0.153331
24670,0.153492
24677,0.114831
24683,0.076205
24689,0.037579
24695,-0.001047
24701,-0.039673
24707,-0.082558
24712,-0.125436
24719,-0.168314
24725,-0.211192
24731,-0.25407
24737,-0.252468
24744,-0.298577
24749,-0.345857
24755,-0.393137
24762,-0.440417
24767,-0.487697
24774,-0.52878
24780,-0.570412
24786,-0.612044
24791,-0.653676
24798,-0.695308
24804,-0.6939
24810,-0.717901
24816,-0.741023
24822,-0.764145
24828,-0.787267
24834,-0.810389
24840,-0.837683
24846,-0.865446
24853,-0.893209
24858,-0.920973
24865,-0.948736
24871,-0.945979
24876,-0.948828
24883,-0.951677
24889,-0.954525
24895,-0.957374
24900,-0.960223
24908,-0.818224
24914,-0.67698
24919,-0.535736
24925,-0.394492
24931,-0.253248
24938,-0.253164
24944,-0.278088
24949,-0.303012
24956,-0.327936
24961,-0.35286
24967,-0.377784
24974,-0.32857
24980,-0.279719
24985,-0.230867
24992,-0.182016
24998,-0.133165
25003,-0.133633
25010,-0.135804
25016,-0.137975
25022,-0.140145
25029,-0.142316
25034,-0.144487
25041,-0.164063
25046,-0.183088
25052,-0.202113
25059,-0.221137
25065,-0.240162
25071,-0.236649
25076,-0.232889
25083,-0.229129
25088,-0.225369
25095,-0.221609
25101,-0.221609
25108,-0.240175
25113,-0.25874
25119,-0.277305
25125,-0.295871
25131,-0.314436
25137,-0.312941
25144,-0.310804
25150,-0.308667
25155,-0.306529
25161,-0.304392
25167,-0.303455
25174,-0.290403
25180,-0.277352
25186,-0.264301
25192,-0.251249
25197,-0.238198
25204,-0.229405
25210,-0.219867
25216,-0.210329
25222,-0.200791
25228,-0.191253
25234,-0.190035
25241,-0.198419
25246,-0.206803
25253,-0.215187
25258,-0.223571
25265,-0.231955
25271,-0.20038
25276,-0.168618
25283,-0.136856
25288,-0.105094
25295,-0.073332
25301,-0.07281
25308,-0.020149
25313,0.032513
25319,0.085174
25325,0.137835
25331,0.190497
25339,0.190518
25342,0.190786
25350,0.191054
25355,0.191322
25361,0.19159
25368,0.21239
25374,0.233691
25380,0.254993
25385,0.276294
25392,0.297595
25398,0.298017
25404,0.352716
25410,0.407415
25416,0.462115
25423,0.516814
25428,0.571513
25435,0.576367
25441,0.581037
25446,0.585706
25452,0.590375
25459,0.595045
25464,0.594594
25471,0.650639
25476,0.706685
25483,0.76273
25488,0.818775
25495,0.874821
25502,0.818435
25507,0.762469
25513,0.706504
25519,0.650539
25525,0.594573
25530,0.594328
25538,0.59795
25543,0.601572
25549,0.605194
25555,0.608816
25561,0.612438
25568,0.498737
25573,0.384508
25580,0.270279
25586,0.156049
25591,0.04182
25597,0.042631
25604,0.001433
25610,-0.039765
25616,-0.080963
25622,-0.122161
25628,-0.163359
25635,-0.200783
25640,-0.238317
25647,-0.275851
25653,-0.313385
25658,-0.350919
25665,-0.378359
25671,-0.406081
25677,-0.433802
25682,-0.461523
25689,-0.489245
25695,-0.487326
25701,-0.459093
25707,-0.431106
25713,-0.403119
25719,-0.375131
25725,-0.347144
25732,-0.356143
25737,-0.365797
25744,-0.37545
25750,-0.385103
25755,-0.394757
25762,-0.39401
25768,-0.385479
25774,-0.376947
25780,-0.368416
25786,-0.359885
25792,-0.351353
25798,-0.363879
25803,-0.376405
25811,-0.388931
25816,-0.401457
25822,-0.413983
25828,-0.413149
25834,-0.438325
25840,-0.4635
25847,-0.488675
25853,-0.513851
25859,-0.539026
25865,-0.522465
25871,-0.506323
25877,-0.490181
25883,-0.474039
25889,-0.457897
25895,-0.457595
25902,-0.41177
25907,-0.365945
25913,-0.320119
25919,-0.274294
25925,-0.228469
25932,-0.21929
25938,-0.210432
25943,-0.201574
25949,-0.192716
25955,-0.183858
25962,-0.185
25968,-0.173493
25974,-0.161985
25980,-0.150478
25986,-0.138971
25991,-0.127463
25998,-0.128083
26004,-0.128702
26010,-0.129321
26016,-0.129941
26022,-0.13056
26029,-0.172991
26034,-0.215164
26041,-0.257337
26047,-0.299511
26053,-0.341684
26058,-0.341337
26065,-0.309736
26070,-0.278135
26076,-0.246533
26083,-0.214932
26089,-0.183331
26095,-0.129557
26101,-0.075133
26107,-0.020708
26113,0.033717
26119,0.088141
26126,0.088086
26132,0.114361
26138,0.140635
26143,0.16691
26150,0.193185
26156,0.219459
26162,0.265901
26168,0.313096
26174,0.360291
26180,0.407487
26186,0.454682
26193,0.421945
26197,0.389973
26204,0.358
26210,0.326027
26217,0.294055
26222,0.294962
26229,0.291385
26235,0.28776
26240,0.284135
26246,0.280509
26253,0.276884
26260,0.306925
26264,0.337685
26271,0.368444
26277,0.399203
26283,0.429963
26289,0.431122
26295,0.463889
26302,0.496657
26307,0.529424
26313,0.562191
26319,0.594959
26326,0.595207
26331,0.596211
26338,0.597215
26343,0.598219
26349,0.599223
26356,0.600267
26362,0.597775
26368,0.595283
26374,0.592791
26380,0.590299
26386,0.587807
26392,0.587659
26397,0.587205
26404,0.586752
26410,0.586299
26417,0.585845
26423,0.586832
26429,0.554315
26434,0.521797
26441,0.48928
26447,0.456763
26453,0.424245
26459,0.393207
26465,0.362169
26471,0.331131
26477,0.300093
26483,0.269055
26489,0.269177
26495,0.247716
26501,0.226255
26508,0.204793
26513,0.183332
26519,0.161871
26526,0.117721
26531,0.073571
26538,0.029421
26544,-0.014729
26549,-0.058879
26557,-0.07968
26562,-0.101289
26568,-0.122899
26574,-0.144508
26581,-0.166117
26586,-0.166767
26593,-0.183709
26598,-0.200652
26604,-0.217595
26610,-0.234537
26617,-0.25148
26622,-0.256359
26628,-0.261668
26635,-0.266977
26640,-0.272287
26647,-0.277596
26653,-0.279065
26659,-0.266215
26664,-0.253364
26671,-0.240513
26677,-0.227663
26683,-0.214812
26689,-0.217041
26695,-0.219371
26701,-0.221701
26707,-0.224031
26713,-0.226361
26720,-0.228691
26725,-0.272407
26731,-0.316123
26738,-0.359839
26744,-0.403555
26749,-0.447271
26756,-0.440489
26762,-0.434135
26768,-0.42778
26774,-0.421425
26781,-0.415071
26786,-0.402879
26792,-0.389865
26799,-0.376851
26805,-0.363837
26810,-0.350823
26817,-0.349969
26822,-0.33995
26828,-0.32995
26835,-0.31995
26841,-0.30995
26846,-0.29995
26853,-0.295651
26859,-0.291667
26865,-0.287682
26871,-0.283697
26877,-0.279713
26884,-0.279408
26889,-0.281833
26895,-0.284259
26902,-0.286684
26907,-0.289109
26913,-0.291535
26920,-0.290019
26926,-0.288817
26931,-0.287616
26937,-0.286415
26944,-0.285213
26949,-0.285132
26956,-0.310637
26962,-0.336141
26968,-0.361646
26974,-0.387151
26980,-0.412655
26987,-0.387222
26992,-0.361581
26998,-0.335941
27004,-0.3103
27011,-0.284659
27016,-0.284339
27023,-0.265314
27029,-0.246289
27034,-0.227265
27041,-0.20824
27047,-0.189215
27053,-0.16846
27058,-0.147859
27065,-0.127257
27071,-0.106656
27077,-0.086055
27083,-0.084211
27089,-0.081846
27096,-0.079481
27101,-0.077117
27107,-0.074752
27113,-0.074627
27120,-0.094484
27124,-0.113463
27132,-0.132443
27138,-0.151422
27143,-0.170401
27150,-0.134369
27156,-0.098336
27162,-0.062303
27168,-0.026271
27174,0.009762
27180,0.010515
27186,0.044459
27192,0.078403
27198,0.112347
27205,0.146291
27210,0.180235
27217,0.234193
27223,0.289067
27229,0.34394
27234,0.398813
27241,0.453687
27247,0.45424
27253,0.471713
27259,0.489187
27265,0.50666
27271,0.524133
27277,0.541607
27284,0.523434
27290,0.506222
27295,0.48901
27302,0.471798
27308,0.454586
27314,0.456214
27320,0.438977
27326,0.421741
27332,0.404504
27338,0.387267
27344,0.370031
27350,0.371034
27357,0.372107
27362,0.373181
27368,0.374254
27374,0.375327
27381,0.341866
27386,0.306487
27393,0.271109
27399,0.23573
27404,0.200351
27411,0.200093
27417,0.158455
27423,0.116112
27428,0.073769
27435,0.031425
27441,-0.010918
27447,-0.095748
27453,-0.181232
27459,-0.266716
27465,-0.3522
27471,-0.437684
27477,-0.437168
27484,-0.447176
27489,-0.457184
27495,-0.467192
27502,-0.4772
27508,-0.487208
27514,-0.485836
27521,-0.484018